{"ELBO": -163.08445777893067, "KL": 15.529888820648193, "reconstruction": -147.55456771850587, "_timestamp": 1663670404.914904, "_runtime": 148.02372813224792, "_step": 199, "_wandb": {"runtime": 147}}