{"ELBO": -163.89152412414552, "KL": 15.579933500289917, "reconstruction": -148.31159057617188, "_timestamp": 1663669736.7782025, "_runtime": 135.26488852500916, "_step": 199, "_wandb": {"runtime": 134}}