{"ELBO": -6566.696487426758, "KL": 627.5770645141602, "reconstruction": -5939.119415283203, "_timestamp": 1663668978.1722436, "_runtime": 148.97742748260498, "_step": 199, "_wandb": {"runtime": 148}}