{"ELBO": -163.58150177001954, "KL": 15.950712776184082, "reconstruction": -147.63078918457032, "_timestamp": 1664802627.613233, "_runtime": 171.48027205467224, "_step": 199, "_wandb": {"runtime": 171}}